Тула - это просто замечательное место;0
Мне понравилась Калужская область;1
Москва - город, который не спит;2
Тульская область мне показалась очень интересной;0
Калуга - это настоящий русский город;1
Я влюбился в Москву;2
Тула - это место, которое нужно посетить;0
Калужская область - это настоящая жемчужина России;1
Москва - город, который всегда радует;2
Тульская область - это место, которое нельзя не любить;0
Калуга - это город, который запоминается навсегда;1
Москва - это город, который всегда будет в моем сердце;2
Мне очень понравилась Тульская область;0
Калужская область - это место, которое я не забуду;1
Москва - это город, который всегда удивляет;2
Тула - это город, который всегда радует;0
Калуга - это город, который всегда вдохновляет;1
Москва - это город, который всегда поражает;2
Тульская область - это место, которое всегда будет в моей памяти;0
Калужская область - это место, которое всегда будет в моем сердце;1
Москва - это город, который всегда будет в моих мыслях;2
Мне понравилась Тула;0
Калуга - это город, который я обязательно еще посещу;1
Москва - это город, который я обязательно еще увижу;2
Тульская область - это место, которое я обязательно еще посещу;0
Калужская область - это место, которое я обязательно еще увижу;1
Москва - это город, который я обязательно еще посещу;2
Тула - это город, который всегда будет в моем сердце;0
Калуга - это город, который всегда будет в моей памяти;1
Москва - это город, который всегда будет в моих мыслях;2
Тульская область - это место, которое я обязательно рекомендую посетить;0
Калужская область - это место, которое я обязательно рекомендую увидеть;1
Москва - это город, который я обязательно рекомендую посетить;2
Тула - это город, который всегда будет в моей душе;0
Калуга - это город, который всегда будет в моем сердце;1
Москва - это город, который всегда будет в моей памяти;2
Тульская область - это место, которое я обязательно еще увижу;0
Калужская область - это место, которое я обязательно еще посещу;1
Москва - это город, который я обязательно еще увижу;2
Мне очень понравилась Калужская область;1
Москва - это город, который всегда будет в моем сердце;2
Тула - это город, который всегда будет в моей памяти;0
Калуга - это город, который всегда будет в моих мыслях;1
Москва - это город, который всегда будет в моей душе;2
Тульская область - это место, которое я обязательно рекомендую увидеть;0
Калужская область - это место, которое я обязательно рекомендую посетить;1
Москва - это город, который я обязательно рекомендую увидеть;2
Тула - это город, который всегда будет в моих мыслях;0
Калуга - это город, который всегда будет в моей душе;1
Москва - это город, который всегда будет в моей памяти;2
Тульская область - это место, которое я обязательно еще посещу;0
Калужская область - это место, которое я обязательно еще увижу;1
Москва - это город, который я обязательно еще посещу;2
Мне очень понравилась Москва;2
Тула - это город, который всегда будет в моем сердце;0
Калуга - это город, который всегда будет в моей памяти;1
Москва - это город, который всегда будет в моих мыслях;2
Тульская область - это место, которое я обязательно рекомендую посетить;0
Калужская область - это место, которое я обязательно рекомендую увидеть;1
Москва - это город, который я обязательно рекомендую посетить;2
Тула - это город, который всегда будет в моей душе;0
Калуга - это город, который всегда будет в моих мыслях;1
Москва - это город, который всегда будет в моей памяти;2
Тульская область - это место, которое я обязательно еще увижу;0
Калужская область - это место, которое я обязательно еще посещу;1
Москва - это город, который я обязательно еще увижу;2
Мне очень понравилась Тула;0
Калуга - это город, который всегда будет в моем сердце;1
Москва - это город, который всегда будет в моей памяти;2
Тульская область - это место, которое я обязательно рекомендую увидеть;0
Калужская область - это место, которое я обязательно рекомендую посетить;1
Москва - это город, который я обязательно рекомендую увидеть;2
Тула - это город, который всегда будет в моих мыслях;0
Калуга - это город, который всегда будет в моей душе;1
Москва - это город, который всегда будет в моей памяти;2
Тульская область - это место, которое я обязательно еще посещу;0
Калужская область - это место, которое я обязательно еще увижу;1
Москва - это город, который я обязательно еще посещу;2
Мне очень понравилась Калужская область;1
Москва - это город, который всегда будет в моем сердце;2
Тула - это город, который всегда будет в моей памяти;0
Калуга - это город, который всегда будет в моих мыслях;1
Москва - это город, который всегда будет в моей душе;2
Тульская область - это место, которое я обязательно рекомендую посетить;0
Калужская область - это место, которое я обязательно рекомендую увидеть;1
Москва - это город, который я обязательно рекомендую посетить;2
Тула - это город, который всегда будет в моей душе;0
Калуга - это город, который всегда будет в моих мыслях;1
Москва - это город, который всегда будет в моей памяти;2
Тульская область - это место, которое я обязательно еще увижу;0
Калужская область - это место, которое я обязательно еще посещу;1
Москва - это город, который я обязательно еще увижу;2
Мне очень понравилась Москва;2
Тула - это город, который всегда будет в моем сердце;0
Калуга - это город, который всегда будет в моей памяти;1
Москва - это город, который всегда будет в моих мыслях;2
Тульская область - это место, которое я обязательно рекомендую посетить;0
Калужская область - это место, которое я обязательно рекомендую увидеть;1
Москва - это город, который я обязательно рекомендую посетить;2
Тула - это город, который всегда будет в моей душе;0
Калуга - это город, который всегда будет в моих мыслях;1
Москва - это город, который всегда будет в моей памяти;2
Тульская область - это место, которое я обязательно еще увижу;0
Калужская область - это место, которое я обязательно еще посещу;1
Москва - это город, который я обязательно еще увижу;2
Москва;2
Тула;0
Тульская область;0
Калуга;1
Калужская область;1
Москва круче всего;2
Калуга лучше всего;1
Тула - мое любимое место;0
Калужская область - моя любимая;1
Москва - лучший город;2
Тула;0
Калуга;1
Москва;2
Тульская область;0
Калужская область;1
Москва - мой любимый город;2
Калуга - мое любимое место;1
Тула - моя любимая область;0
Калужская область - моя любимая;1
Москва - лучше всего;2